{
  "classifier": "SVM (Linear)",
  "embedding_model": "clip_vit_b32",
  "hyperparameters": {
    "kernel": "linear",
    "C": 1.0,
    "gamma": "scale"
  },
  "test": {
    "accuracy": 0.8454301075268817,
    "f1_macro": 0.8098578617849518,
    "f1_weighted": 0.846306532372446,
    "classification_report": {
      "bowl/empty": {
        "precision": 1.0,
        "recall": 1.0,
        "f1-score": 1.0,
        "support": 30.0
      },
      "bowl/with-whisked-egg": {
        "precision": 0.24,
        "recall": 0.24,
        "f1-score": 0.24,
        "support": 50.0
      },
      "butter/solid": {
        "precision": 0.96,
        "recall": 1.0,
        "f1-score": 0.9795918367346939,
        "support": 24.0
      },
      "eggs/omelette": {
        "precision": 0.9955156950672646,
        "recall": 0.9866666666666667,
        "f1-score": 0.9910714285714286,
        "support": 225.0
      },
      "eggs/raw": {
        "precision": 1.0,
        "recall": 1.0,
        "f1-score": 1.0,
        "support": 90.0
      },
      "eggs/whisked": {
        "precision": 0.21153846153846154,
        "recall": 0.22,
        "f1-score": 0.21568627450980393,
        "support": 50.0
      },
      "oil/general": {
        "precision": 1.0,
        "recall": 1.0,
        "f1-score": 1.0,
        "support": 17.0
      },
      "pan/empty": {
        "precision": 1.0,
        "recall": 0.95,
        "f1-score": 0.9743589743589743,
        "support": 20.0
      },
      "pan/with-food": {
        "precision": 0.6382978723404256,
        "recall": 0.6,
        "f1-score": 0.6185567010309279,
        "support": 50.0
      },
      "pepper/ground": {
        "precision": 1.0,
        "recall": 1.0,
        "f1-score": 1.0,
        "support": 100.0
      },
      "plate/empty": {
        "precision": 1.0,
        "recall": 1.0,
        "f1-score": 1.0,
        "support": 38.0
      },
      "plate/with-food": {
        "precision": 0.6792452830188679,
        "recall": 0.72,
        "f1-score": 0.6990291262135923,
        "support": 50.0
      },
      "accuracy": 0.8454301075268817,
      "macro avg": {
        "precision": 0.8103831093304183,
        "recall": 0.8097222222222222,
        "f1-score": 0.8098578617849518,
        "support": 744.0
      },
      "weighted avg": {
        "precision": 0.8474262261223419,
        "recall": 0.8454301075268817,
        "f1-score": 0.846306532372446,
        "support": 744.0
      }
    },
    "confusion_matrix": [
      [
        30,
        0,
        0,
        0,
        0,
        0,
        0,
        0,
        0,
        0,
        0,
        0
      ],
      [
        0,
        12,
        0,
        0,
        0,
        37,
        0,
        0,
        0,
        0,
        0,
        1
      ],
      [
        0,
        0,
        24,
        0,
        0,
        0,
        0,
        0,
        0,
        0,
        0,
        0
      ],
      [
        0,
        0,
        1,
        222,
        0,
        0,
        0,
        0,
        2,
        0,
        0,
        0
      ],
      [
        0,
        0,
        0,
        0,
        90,
        0,
        0,
        0,
        0,
        0,
        0,
        0
      ],
      [
        0,
        35,
        0,
        0,
        0,
        11,
        0,
        0,
        1,
        0,
        0,
        3
      ],
      [
        0,
        0,
        0,
        0,
        0,
        0,
        17,
        0,
        0,
        0,
        0,
        0
      ],
      [
        0,
        0,
        0,
        0,
        0,
        0,
        0,
        19,
        1,
        0,
        0,
        0
      ],
      [
        0,
        3,
        0,
        1,
        0,
        3,
        0,
        0,
        30,
        0,
        0,
        13
      ],
      [
        0,
        0,
        0,
        0,
        0,
        0,
        0,
        0,
        0,
        100,
        0,
        0
      ],
      [
        0,
        0,
        0,
        0,
        0,
        0,
        0,
        0,
        0,
        0,
        38,
        0
      ],
      [
        0,
        0,
        0,
        0,
        0,
        1,
        0,
        0,
        13,
        0,
        0,
        36
      ]
    ]
  },
  "val": {
    "accuracy": 0.8620689655172413,
    "f1_macro": 0.8022722555007359,
    "f1_weighted": 0.8632728304641124
  },
  "cross_validation": {
    "mean_accuracy": 0.8795212873899103,
    "std_accuracy": 0.0027438044801408688,
    "fold_scores": [
      0.8813953488372093,
      0.875,
      0.8784883720930232,
      0.8796511627906977,
      0.8830715532286213
    ]
  }
}