{
  "classifier": "SVM (RBF)",
  "embedding_model": "clip_vit_b32",
  "hyperparameters": {
    "kernel": "rbf",
    "C": 10.0,
    "gamma": "scale"
  },
  "test": {
    "accuracy": 0.8548387096774194,
    "f1_macro": 0.8218444971574183,
    "f1_weighted": 0.8557885269224114,
    "classification_report": {
      "bowl/empty": {
        "precision": 1.0,
        "recall": 1.0,
        "f1-score": 1.0,
        "support": 30.0
      },
      "bowl/with-whisked-egg": {
        "precision": 0.2545454545454545,
        "recall": 0.28,
        "f1-score": 0.26666666666666666,
        "support": 50.0
      },
      "butter/solid": {
        "precision": 1.0,
        "recall": 1.0,
        "f1-score": 1.0,
        "support": 24.0
      },
      "eggs/omelette": {
        "precision": 0.9955357142857143,
        "recall": 0.9911111111111112,
        "f1-score": 0.9933184855233853,
        "support": 225.0
      },
      "eggs/raw": {
        "precision": 1.0,
        "recall": 1.0,
        "f1-score": 1.0,
        "support": 90.0
      },
      "eggs/whisked": {
        "precision": 0.20833333333333334,
        "recall": 0.2,
        "f1-score": 0.20408163265306123,
        "support": 50.0
      },
      "oil/general": {
        "precision": 1.0,
        "recall": 1.0,
        "f1-score": 1.0,
        "support": 17.0
      },
      "pan/empty": {
        "precision": 1.0,
        "recall": 0.95,
        "f1-score": 0.9743589743589743,
        "support": 20.0
      },
      "pan/with-food": {
        "precision": 0.7272727272727273,
        "recall": 0.64,
        "f1-score": 0.6808510638297872,
        "support": 50.0
      },
      "pepper/ground": {
        "precision": 1.0,
        "recall": 1.0,
        "f1-score": 1.0,
        "support": 100.0
      },
      "plate/empty": {
        "precision": 1.0,
        "recall": 1.0,
        "f1-score": 1.0,
        "support": 38.0
      },
      "plate/with-food": {
        "precision": 0.7090909090909091,
        "recall": 0.78,
        "f1-score": 0.7428571428571429,
        "support": 50.0
      },
      "accuracy": 0.8548387096774194,
      "macro avg": {
        "precision": 0.8245648448773447,
        "recall": 0.8200925925925925,
        "f1-score": 0.8218444971574183,
        "support": 744.0
      },
      "weighted avg": {
        "precision": 0.8574699689871063,
        "recall": 0.8548387096774194,
        "f1-score": 0.8557885269224114,
        "support": 744.0
      }
    },
    "confusion_matrix": [
      [
        30,
        0,
        0,
        0,
        0,
        0,
        0,
        0,
        0,
        0,
        0,
        0
      ],
      [
        0,
        14,
        0,
        0,
        0,
        36,
        0,
        0,
        0,
        0,
        0,
        0
      ],
      [
        0,
        0,
        24,
        0,
        0,
        0,
        0,
        0,
        0,
        0,
        0,
        0
      ],
      [
        0,
        0,
        0,
        223,
        0,
        0,
        0,
        0,
        1,
        0,
        0,
        1
      ],
      [
        0,
        0,
        0,
        0,
        90,
        0,
        0,
        0,
        0,
        0,
        0,
        0
      ],
      [
        0,
        37,
        0,
        0,
        0,
        10,
        0,
        0,
        1,
        0,
        0,
        2
      ],
      [
        0,
        0,
        0,
        0,
        0,
        0,
        17,
        0,
        0,
        0,
        0,
        0
      ],
      [
        0,
        0,
        0,
        0,
        0,
        0,
        0,
        19,
        1,
        0,
        0,
        0
      ],
      [
        0,
        4,
        0,
        1,
        0,
        0,
        0,
        0,
        32,
        0,
        0,
        13
      ],
      [
        0,
        0,
        0,
        0,
        0,
        0,
        0,
        0,
        0,
        100,
        0,
        0
      ],
      [
        0,
        0,
        0,
        0,
        0,
        0,
        0,
        0,
        0,
        0,
        38,
        0
      ],
      [
        0,
        0,
        0,
        0,
        0,
        2,
        0,
        0,
        9,
        0,
        0,
        39
      ]
    ]
  },
  "val": {
    "accuracy": 0.8793103448275862,
    "f1_macro": 0.8236595746962502,
    "f1_weighted": 0.8784562663259341
  },
  "cross_validation": {
    "mean_accuracy": 0.8891735324756146,
    "std_accuracy": 0.0027517130932568903,
    "fold_scores": [
      0.8901162790697674,
      0.8848837209302326,
      0.8912790697674419,
      0.8872093023255814,
      0.8923792902850495
    ]
  }
}