{
  "classifier": "Logistic Regression",
  "embedding_model": "clip_vit_b32",
  "hyperparameters": {
    "C": 1.0,
    "solver": "lbfgs",
    "max_iter": 5000,
    "cv_folds": 5
  },
  "test": {
    "accuracy": 0.8333333333333334,
    "f1_macro": 0.7955957210369324,
    "f1_weighted": 0.8345256517347953,
    "classification_report": {
      "bowl/empty": {
        "precision": 0.967741935483871,
        "recall": 1.0,
        "f1-score": 0.9836065573770492,
        "support": 30.0
      },
      "bowl/with-whisked-egg": {
        "precision": 0.1956521739130435,
        "recall": 0.18,
        "f1-score": 0.1875,
        "support": 50.0
      },
      "butter/solid": {
        "precision": 0.96,
        "recall": 1.0,
        "f1-score": 0.9795918367346939,
        "support": 24.0
      },
      "eggs/omelette": {
        "precision": 0.9954337899543378,
        "recall": 0.9688888888888889,
        "f1-score": 0.9819819819819819,
        "support": 225.0
      },
      "eggs/raw": {
        "precision": 1.0,
        "recall": 1.0,
        "f1-score": 1.0,
        "support": 90.0
      },
      "eggs/whisked": {
        "precision": 0.2222222222222222,
        "recall": 0.24,
        "f1-score": 0.23076923076923078,
        "support": 50.0
      },
      "oil/general": {
        "precision": 1.0,
        "recall": 1.0,
        "f1-score": 1.0,
        "support": 17.0
      },
      "pan/empty": {
        "precision": 0.95,
        "recall": 0.95,
        "f1-score": 0.95,
        "support": 20.0
      },
      "pan/with-food": {
        "precision": 0.5882352941176471,
        "recall": 0.6,
        "f1-score": 0.594059405940594,
        "support": 50.0
      },
      "pepper/ground": {
        "precision": 1.0,
        "recall": 1.0,
        "f1-score": 1.0,
        "support": 100.0
      },
      "plate/empty": {
        "precision": 1.0,
        "recall": 0.9473684210526315,
        "f1-score": 0.972972972972973,
        "support": 38.0
      },
      "plate/with-food": {
        "precision": 0.6363636363636364,
        "recall": 0.7,
        "f1-score": 0.6666666666666666,
        "support": 50.0
      },
      "accuracy": 0.8333333333333334,
      "macro avg": {
        "precision": 0.7929707543378965,
        "recall": 0.79885477582846,
        "f1-score": 0.7955957210369324,
        "support": 744.0
      },
      "weighted avg": {
        "precision": 0.8362480203428355,
        "recall": 0.8333333333333334,
        "f1-score": 0.8345256517347953,
        "support": 744.0
      }
    },
    "confusion_matrix": [
      [
        30,
        0,
        0,
        0,
        0,
        0,
        0,
        0,
        0,
        0,
        0,
        0
      ],
      [
        0,
        9,
        0,
        0,
        0,
        39,
        0,
        0,
        1,
        0,
        0,
        1
      ],
      [
        0,
        0,
        24,
        0,
        0,
        0,
        0,
        0,
        0,
        0,
        0,
        0
      ],
      [
        0,
        0,
        1,
        218,
        0,
        1,
        0,
        0,
        3,
        0,
        0,
        2
      ],
      [
        0,
        0,
        0,
        0,
        90,
        0,
        0,
        0,
        0,
        0,
        0,
        0
      ],
      [
        0,
        32,
        0,
        0,
        0,
        12,
        0,
        0,
        2,
        0,
        0,
        4
      ],
      [
        0,
        0,
        0,
        0,
        0,
        0,
        17,
        0,
        0,
        0,
        0,
        0
      ],
      [
        0,
        0,
        0,
        0,
        0,
        0,
        0,
        19,
        1,
        0,
        0,
        0
      ],
      [
        0,
        5,
        0,
        1,
        0,
        1,
        0,
        0,
        30,
        0,
        0,
        13
      ],
      [
        0,
        0,
        0,
        0,
        0,
        0,
        0,
        0,
        0,
        100,
        0,
        0
      ],
      [
        1,
        0,
        0,
        0,
        0,
        0,
        0,
        1,
        0,
        0,
        36,
        0
      ],
      [
        0,
        0,
        0,
        0,
        0,
        1,
        0,
        0,
        14,
        0,
        0,
        35
      ]
    ]
  },
  "val": {
    "accuracy": 0.864367816091954,
    "f1_macro": 0.8055802958217844,
    "f1_weighted": 0.8646270318576212
  },
  "cross_validation": {
    "mean_accuracy": 0.8804515199480498,
    "std_accuracy": 0.0020495352283992734,
    "fold_scores": [
      0.8808139534883721,
      0.8808139534883721,
      0.8767441860465116,
      0.8808139534883721,
      0.8830715532286213
    ]
  }
}