{
  "classifier": "DEC (Deep Embedded Clustering)",
  "embedding_model": "clip_vit_b32",
  "hyperparameters": {
    "n_clusters": 12,
    "latent_dim": 128,
    "hidden_layers": [
      1024,
      512
    ],
    "ae_epochs": 100,
    "ae_lr": 0.001,
    "dec_epochs": 150,
    "dec_lr": 0.0001,
    "alpha": 1.0,
    "update_interval": 10
  },
  "initial_kmeans": {
    "accuracy": 0.3907431096639144,
    "nmi": 0.5681609668290818
  },
  "train_val": {
    "accuracy": 0.4750552389812769,
    "nmi": 0.5507732433437115,
    "ari": 0.4211293731851789
  },
  "test": {
    "accuracy": 0.6115591397849462,
    "f1_macro": 0.3417342431413615,
    "f1_weighted": 0.5424602054137279,
    "nmi": 0.642528006284867,
    "ari": 0.5459312405645984,
    "classification_report": {
      "bowl/empty": {
        "precision": 0.0,
        "recall": 0.0,
        "f1-score": 0.0,
        "support": 30.0
      },
      "bowl/with-whisked-egg": {
        "precision": 0.3146853146853147,
        "recall": 0.9,
        "f1-score": 0.46632124352331605,
        "support": 50.0
      },
      "butter/solid": {
        "precision": 0.45454545454545453,
        "recall": 0.20833333333333334,
        "f1-score": 0.2857142857142857,
        "support": 24.0
      },
      "eggs/omelette": {
        "precision": 0.7228070175438597,
        "recall": 0.9155555555555556,
        "f1-score": 0.807843137254902,
        "support": 225.0
      },
      "eggs/raw": {
        "precision": 1.0,
        "recall": 0.8,
        "f1-score": 0.8888888888888888,
        "support": 90.0
      },
      "eggs/whisked": {
        "precision": 0.14285714285714285,
        "recall": 0.02,
        "f1-score": 0.03508771929824561,
        "support": 50.0
      },
      "oil/general": {
        "precision": 0.0,
        "recall": 0.0,
        "f1-score": 0.0,
        "support": 17.0
      },
      "pan/empty": {
        "precision": 0.0,
        "recall": 0.0,
        "f1-score": 0.0,
        "support": 20.0
      },
      "pan/with-food": {
        "precision": 0.0,
        "recall": 0.0,
        "f1-score": 0.0,
        "support": 50.0
      },
      "pepper/ground": {
        "precision": 0.6739130434782609,
        "recall": 0.93,
        "f1-score": 0.7815126050420168,
        "support": 100.0
      },
      "plate/empty": {
        "precision": 0.8048780487804879,
        "recall": 0.868421052631579,
        "f1-score": 0.8354430379746836,
        "support": 38.0
      },
      "plate/with-food": {
        "precision": 0.0,
        "recall": 0.0,
        "f1-score": 0.0,
        "support": 50.0
      },
      "accuracy": 0.6115591397849462,
      "macro avg": {
        "precision": 0.34280716849087667,
        "recall": 0.3868591617933724,
        "f1-score": 0.3417342431413615,
        "support": 744.0
      },
      "weighted avg": {
        "precision": 0.5166592243750899,
        "recall": 0.6115591397849462,
        "f1-score": 0.5424602054137279,
        "support": 744.0
      }
    },
    "confusion_matrix": [
      [
        0,
        2,
        0,
        0,
        0,
        0,
        0,
        0,
        0,
        28,
        0,
        0
      ],
      [
        0,
        45,
        1,
        2,
        0,
        1,
        1,
        0,
        0,
        0,
        0,
        0
      ],
      [
        1,
        0,
        5,
        0,
        0,
        4,
        1,
        0,
        7,
        0,
        6,
        0
      ],
      [
        4,
        0,
        4,
        206,
        0,
        0,
        0,
        0,
        3,
        0,
        0,
        8
      ],
      [
        0,
        0,
        0,
        0,
        72,
        0,
        15,
        2,
        0,
        1,
        0,
        0
      ],
      [
        0,
        42,
        1,
        3,
        0,
        1,
        0,
        0,
        1,
        1,
        1,
        0
      ],
      [
        0,
        3,
        0,
        0,
        0,
        0,
        0,
        0,
        0,
        14,
        0,
        0
      ],
      [
        0,
        18,
        0,
        0,
        0,
        0,
        0,
        0,
        0,
        1,
        1,
        0
      ],
      [
        0,
        27,
        0,
        21,
        0,
        0,
        2,
        0,
        0,
        0,
        0,
        0
      ],
      [
        0,
        1,
        0,
        6,
        0,
        0,
        0,
        0,
        0,
        93,
        0,
        0
      ],
      [
        0,
        5,
        0,
        0,
        0,
        0,
        0,
        0,
        0,
        0,
        33,
        0
      ],
      [
        2,
        0,
        0,
        47,
        0,
        1,
        0,
        0,
        0,
        0,
        0,
        0
      ]
    ]
  },
  "cluster_to_label_mapping": {
    "9": "bowl/empty",
    "6": "bowl/with-whisked-egg",
    "1": "butter/solid",
    "3": "eggs/omelette",
    "2": "eggs/raw",
    "5": "eggs/whisked",
    "7": "oil/general",
    "10": "pan/empty",
    "8": "pan/with-food",
    "4": "pepper/ground",
    "0": "plate/empty",
    "11": "plate/with-food"
  }
}